rush_period,co_gt,benzene_gt,nox_gt,no2_gt,pollution_score
Evening rush,3.1897697224022434,15.730778499801424,329.7400037505139,138.17425237043724,0.6309354845583349
Morning rush,2.488013053077727,13.329541179546865,307.6867293432233,117.48898814737736,0.290113229892246
Other,1.776514690601739,8.003844514061633,203.52838031059963,100.53398830467773,-0.23023486038126784
