is_weekend,co_gt,benzene_gt,nox_gt,no2_gt,pollution_score
False,2.2839134692498946,11.351536149480895,259.1761689082392,114.02421404890003,0.11057427522695533
True,1.7502347743945132,7.270444724371996,199.11463152937225,98.73512518894556,-0.2743377386490201
